geometry,date,state,district,tehsil,oct_1f,oct_2f,nov_1f,nov_2f,dec_1f,dec_2f,jan_1f,jan_2f,feb_1f,feb_2f,mar_1f,mar_2f,apr_1f,apr_2f,crop_type
POINT (76.5864473 23.0626127),2022-10-01,Madhya Pradesh,Sehore,Ashta,135.0,136.0,129.0,160.0,181.0,188.0,189.0,186.0,185.0,157.0,149.0,123.0,129.0,125.0,Wheat
POINT (80.75275775920343 28.123783079674084),2022-10-01,Madhya Pradesh,Shivpuri,Karera,174.0,144.0,132.0,137.0,168.0,196.0,192.0,189.0,189.0,177.0,163.0,134.0,121.0,116.0,Wheat
POINT (80.6953146 24.6439101),2022-10-01,Madhya Pradesh,Satna,Raghurajnagar,154.0,150.0,126.0,132.0,155.0,169.0,180.0,182.0,181.0,175.0,151.0,122.0,115.0,114.0,Wheat
POINT (77.9981737 22.8078004),2022-10-01,Madhya Pradesh,Hoshangabad,Babai,180.0,171.0,135.0,128.0,135.0,162.0,178.0,173.0,185.0,188.0,175.0,144.0,134.0,130.0,Wheat
POINT (76.0541291 23.1204061),2022-10-01,Madhya Pradesh,Ujjain,Dewas,142.0,123.0,119.0,120.0,148.0,183.0,191.0,188.0,192.0,189.0,153.0,127.0,117.0,117.0,Wheat
POINT (82.55315504581522 28.151772900277646),2022-10-01,Madhya Pradesh,Shivpuri,Karera,181.0,177.0,161.0,131.0,133.0,165.0,185.0,185.0,191.0,186.0,180.0,135.0,119.0,115.0,Wheat
POINT (81.2688987 24.6905948),2022-10-01,Madhya Pradesh,Rewa,Sirmaur,163.0,160.0,124.0,125.0,124.0,130.0,168.0,184.0,185.0,182.0,179.0,159.0,123.0,120.0,Wheat
POINT (78.35880134 25.16419483),2022-10-01,Madhya Pradesh,Shivpuri,,170.0,154.0,132.0,124.0,126.0,158.0,179.0,183.0,190.0,189.0,189.0,155.0,135.0,116.0,Wheat
POINT (77.42987610154606 28.585883843505748),2022-10-01,Madhya Pradesh,Shivpuri,Shivpuri,154.0,127.0,130.0,160.0,180.0,188.0,190.0,188.0,190.0,181.0,163.0,129.0,125.0,117.0,Wheat
POINT (78.0799643 24.5484971),2022-10-01,Madhya Pradesh,Ashoknagar,Mungaoli,182.0,169.0,136.0,123.0,130.0,150.0,174.0,181.0,190.0,191.0,187.0,172.0,154.0,120.0,Wheat
POINT (75.9539933 22.0918211),2022-10-01,Madhya Pradesh,Khargone,Barwah,161.0,154.0,156.0,154.0,129.0,138.0,176.0,187.0,190.0,189.0,178.0,130.0,116.0,114.0,Wheat
POINT (75.2924255 22.8589678),2022-10-01,Madhya Pradesh,Dhar,Badnawar,127.0,128.0,121.0,122.0,153.0,187.0,190.0,189.0,189.0,184.0,142.0,117.0,113.0,116.0,Wheat
POINT (76.0249683 23.6807706),2022-10-01,Madhya Pradesh,Agar-malwa,Agar,153.0,156.0,141.0,132.0,151.0,182.0,187.0,184.0,187.0,182.0,149.0,120.0,116.0,114.0,Wheat
POINT (77.4688089 22.3836653),2022-10-01,Madhya Pradesh,Hoshangabad,Seonimalwa,165.0,143.0,121.0,120.0,131.0,167.0,183.0,176.0,181.0,182.0,170.0,125.0,122.0,136.0,Wheat
POINT (82.94557319228834 28.25572145151824),2022-10-01,Madhya Pradesh,Shivpuri,Karera,176.0,164.0,129.0,126.0,126.0,160.0,174.0,176.0,189.0,187.0,184.0,164.0,124.0,117.0,Wheat
POINT (83.01840984587344 28.11501127286425),2022-10-01,Madhya Pradesh,Shivpuri,Karera,156.0,132.0,121.0,124.0,144.0,184.0,191.0,188.0,189.0,185.0,175.0,136.0,116.0,113.0,Wheat
POINT (77.1239807 24.1854875),2022-10-01,Madhya Pradesh,Guna,Chachaura,145.0,142.0,125.0,130.0,139.0,175.0,182.0,186.0,188.0,188.0,184.0,155.0,122.0,119.0,Wheat
POINT (83.13007839612293 28.12676182849871),2022-10-01,Madhya Pradesh,Shivpuri,Karera,173.0,135.0,132.0,135.0,165.0,193.0,190.0,186.0,186.0,182.0,175.0,143.0,124.0,117.0,Wheat
POINT (75.0450285 21.980994),2022-10-01,Madhya Pradesh,Barwani,Rajpur,186.0,161.0,160.0,127.0,123.0,150.0,169.0,183.0,185.0,187.0,195.0,174.0,167.0,123.0,Wheat
POINT (79.40572326034642 28.274463609131907),2022-10-01,Madhya Pradesh,Shivpuri,Karera,179.0,175.0,153.0,128.0,138.0,162.0,181.0,183.0,190.0,186.0,180.0,140.0,122.0,117.0,Wheat
POINT (82.25728159919483 28.289231452232052),2022-10-01,Madhya Pradesh,Shivpuri,Karera,185.0,180.0,163.0,134.0,129.0,131.0,151.0,156.0,182.0,184.0,180.0,160.0,141.0,119.0,Wheat
POINT (75.790936 22.9199394),2022-10-01,Madhya Pradesh,Indore,Sanwer,124.0,123.0,118.0,120.0,163.0,182.0,193.0,190.0,194.0,191.0,158.0,131.0,118.0,115.0,Wheat
POINT (77.9296645 22.7954587),2022-10-01,Madhya Pradesh,Sehore,Budhni,162.0,159.0,145.0,117.0,114.0,133.0,176.0,179.0,189.0,186.0,177.0,141.0,121.0,119.0,Wheat
POINT (79.2134319 23.9509096),2022-10-01,Madhya Pradesh,Damoh,Patharia,131.0,125.0,118.0,125.0,157.0,181.0,186.0,191.0,188.0,184.0,160.0,120.0,121.0,116.0,Wheat
POINT (83.4122985575814 28.20907782660899),2022-10-01,Madhya Pradesh,Shivpuri,Karera,173.0,165.0,132.0,125.0,128.0,167.0,185.0,183.0,188.0,186.0,184.0,170.0,131.0,118.0,Wheat
POINT (79.970797 22.442905),2022-10-01,Madhya Pradesh,Seoni,Keolari,149.0,142.0,128.0,121.0,140.0,181.0,188.0,190.0,189.0,189.0,188.0,124.0,119.0,122.0,Wheat
POINT (78.25055694 26.5874628),2022-10-01,Madhya Pradesh,Morena,Ambah,176.0,149.0,133.0,118.0,137.0,167.0,188.0,192.0,192.0,192.0,188.0,154.0,125.0,115.0,Wheat
POINT (78.9311241 25.15550401),2022-10-01,Madhya Pradesh,Tikamgarh,Palera,144.0,140.0,127.0,130.0,130.0,162.0,181.0,189.0,186.0,186.0,185.0,134.0,123.0,118.0,Wheat
POINT (77.61972079462491 28.252105908073418),2022-10-01,Madhya Pradesh,Shivpuri,Shivpuri,156.0,150.0,144.0,132.0,133.0,146.0,167.0,175.0,185.0,185.0,182.0,146.0,125.0,116.0,Wheat
POINT (78.2374098 26.4961127),2022-10-01,Madhya Pradesh,Bhind,Gohad,182.0,172.0,135.0,126.0,132.0,152.0,169.0,181.0,183.0,184.0,177.0,146.0,130.0,115.0,Wheat
POINT (76.36373542782704 28.045801437375975),2022-10-01,Madhya Pradesh,Shivpuri,Shivpuri,174.0,159.0,135.0,128.0,132.0,160.0,184.0,186.0,189.0,184.0,182.0,154.0,128.0,117.0,Wheat
POINT (79.4120104 23.8115371),2022-10-01,Madhya Pradesh,Damoh,Damoh,157.0,153.0,125.0,125.0,165.0,175.0,182.0,179.0,181.0,180.0,155.0,125.0,120.0,120.0,Wheat
POINT (79.12224581 23.9061878),2022-10-01,Madhya Pradesh,Damoh,Patharia,141.0,135.0,128.0,131.0,147.0,176.0,187.0,190.0,187.0,186.0,157.0,135.0,126.0,125.0,Wheat
POINT (76.7084452 22.6911515),2022-10-01,Madhya Pradesh,Dewas,Kannod,152.0,137.0,125.0,131.0,169.0,184.0,186.0,186.0,182.0,160.0,128.0,118.0,120.0,143.0,Wheat
POINT (80.4566585 23.4366872),2022-10-01,Madhya Pradesh,Katni,Dhimarkhera,163.0,155.0,136.0,126.0,148.0,180.0,185.0,187.0,184.0,178.0,160.0,120.0,117.0,114.0,Wheat
POINT (78.354996 26.4612505),2022-10-01,Madhya Pradesh,Bhind,Gohad,172.0,166.0,131.0,123.0,140.0,151.0,173.0,186.0,191.0,193.0,187.0,144.0,131.0,115.0,Wheat
POINT (80.08992767 23.12612724),2022-10-01,Madhya Pradesh,Jabalpur,Jabalpur,179.0,171.0,139.0,122.0,132.0,166.0,184.0,188.0,190.0,191.0,186.0,127.0,121.0,118.0,Wheat
POINT (75.59868503 22.94526999),2022-10-01,Madhya Pradesh,Indore,Depalpur,124.0,124.0,118.0,118.0,152.0,182.0,190.0,190.0,191.0,188.0,145.0,122.0,113.0,112.0,Wheat
POINT (78.74252267 25.70638505),2022-10-01,Madhya Pradesh,Datia,Bhander,170.0,165.0,155.0,135.0,138.0,160.0,171.0,177.0,181.0,183.0,175.0,158.0,135.0,120.0,Wheat
POINT (75.9508817 22.646397),2022-10-01,Madhya Pradesh,Indore,Indore,164.0,164.0,116.0,116.0,169.0,185.0,190.0,183.0,182.0,170.0,127.0,121.0,113.0,114.0,Wheat
POINT (81.43858691 24.44317511),2022-10-01,Madhya Pradesh,Rewa,Gurh,185.0,178.0,131.0,121.0,120.0,129.0,162.0,182.0,188.0,187.0,185.0,198.0,122.0,117.0,Wheat
POINT (78.7621573 25.2773811),2022-10-01,Madhya Pradesh,Tikamgarh,Nivari,165.0,166.0,125.0,126.0,138.0,165.0,188.0,186.0,188.0,186.0,187.0,164.0,126.0,122.0,Wheat
POINT (78.1121702 23.9436594),2022-10-01,Madhya Pradesh,Videsha,Korwai,145.0,144.0,126.0,121.0,131.0,170.0,186.0,189.0,191.0,191.0,181.0,126.0,115.0,115.0,Wheat
POINT (75.40084277151772 28.160756751457352),2022-10-01,Madhya Pradesh,Shivpuri,Shivpuri,151.0,140.0,120.0,131.0,166.0,184.0,190.0,191.0,192.0,192.0,170.0,136.0,118.0,117.0,Wheat
POINT (75.5526829 22.4387681),2022-10-01,Madhya Pradesh,Dhar,Dhar,153.0,154.0,123.0,128.0,168.0,190.0,196.0,188.0,185.0,163.0,124.0,119.0,112.0,113.0,Wheat
POINT (83.41399655822201 28.209350880840802),2022-10-01,Madhya Pradesh,Shivpuri,Karera,178.0,167.0,138.0,130.0,137.0,172.0,184.0,180.0,187.0,186.0,181.0,154.0,131.0,122.0,Wheat
POINT (77.18418964323193 28.638273092310037),2022-10-01,Madhya Pradesh,Shivpuri,Shivpuri,153.0,148.0,136.0,151.0,171.0,186.0,191.0,190.0,193.0,191.0,177.0,132.0,124.0,117.0,Wheat
POINT (79.82078015 24.79074578),2022-10-01,Madhya Pradesh,Chhatarpur,Rajnagar,150.0,124.0,125.0,123.0,131.0,165.0,182.0,186.0,187.0,185.0,183.0,138.0,123.0,118.0,Wheat
POINT (77.5039131 22.4326628),2022-10-01,Madhya Pradesh,Hoshangabad,Seonimalwa,155.0,152.0,127.0,119.0,120.0,152.0,182.0,184.0,189.0,189.0,175.0,128.0,118.0,128.0,Wheat
POINT (81.15760351882578 28.15363767243483),2022-10-01,Madhya Pradesh,Shivpuri,Karera,182.0,166.0,143.0,133.0,136.0,175.0,184.0,183.0,185.0,183.0,172.0,143.0,127.0,117.0,Wheat
POINT (79.59146870768033 28.261365506085443),2022-10-01,Madhya Pradesh,Shivpuri,Karera,177.0,171.0,151.0,125.0,126.0,129.0,154.0,164.0,187.0,185.0,177.0,154.0,125.0,116.0,Wheat
POINT (79.85523987 23.3034668),2022-10-01,Madhya Pradesh,Jabalpur,Jabalpur,179.0,174.0,141.0,119.0,123.0,155.0,178.0,190.0,188.0,188.0,185.0,125.0,118.0,119.0,Wheat
POINT (82.5150044003446 28.085480679583043),2022-10-01,Madhya Pradesh,Shivpuri,Karera,174.0,143.0,132.0,134.0,161.0,190.0,192.0,188.0,188.0,180.0,174.0,141.0,127.0,120.0,Wheat
POINT (79.19097193 23.64892806),2022-10-01,Madhya Pradesh,Sagar,Garhakota,122.0,119.0,115.0,120.0,137.0,179.0,190.0,188.0,192.0,192.0,170.0,124.0,117.0,114.0,Wheat
POINT (75.2231439 22.7247926),2022-10-01,Madhya Pradesh,Dhar,Badnawar,129.0,126.0,117.0,119.0,140.0,188.0,193.0,192.0,192.0,192.0,171.0,128.0,118.0,120.0,Wheat
POINT (79.54948837077617 28.266015734211482),2022-10-01,Madhya Pradesh,Shivpuri,Karera,176.0,168.0,154.0,128.0,123.0,136.0,154.0,167.0,181.0,178.0,169.0,138.0,122.0,117.0,Wheat
POINT (79.1601926 24.3393179),2022-10-01,Madhya Pradesh,Sagar,Banda,156.0,145.0,122.0,133.0,126.0,193.0,190.0,191.0,188.0,186.0,175.0,129.0,115.0,113.0,Wheat
POINT (77.326442 22.4895075),2022-10-01,Madhya Pradesh,Hoshangabad,Seonimalwa,157.0,141.0,125.0,123.0,121.0,138.0,178.0,183.0,191.0,192.0,181.0,150.0,123.0,120.0,Wheat
POINT (75.3035168 22.872207),2022-10-01,Madhya Pradesh,Dhar,Badnawar,156.0,131.0,118.0,128.0,181.0,194.0,195.0,194.0,192.0,191.0,150.0,117.0,116.0,116.0,Wheat
POINT (77.28098843 23.28048728),2022-10-01,Madhya Pradesh,Bhopal,Huzur,151.0,143.0,116.0,118.0,130.0,171.0,186.0,189.0,189.0,190.0,172.0,118.0,116.0,115.0,Wheat
POINT (78.086594 24.5371344),2022-10-01,Madhya Pradesh,Ashoknagar,Mungaoli,161.0,152.0,118.0,118.0,128.0,165.0,184.0,187.0,191.0,190.0,184.0,140.0,119.0,116.0,Wheat
POINT (76.16650759805779 28.06119694404561),2022-10-01,Madhya Pradesh,Shivpuri,Shivpuri,139.0,124.0,122.0,140.0,177.0,192.0,195.0,194.0,191.0,194.0,180.0,143.0,120.0,123.0,Wheat
POINT (75.6639697 22.2835146),2022-10-01,Madhya Pradesh,Khargone,Maheshwar,161.0,169.0,123.0,135.0,169.0,188.0,190.0,187.0,189.0,182.0,130.0,115.0,1.0,115.0,Wheat
POINT (77.68083090131407 28.591065170906504),2022-10-01,Madhya Pradesh,Shivpuri,Shivpuri,173.0,161.0,128.0,128.0,133.0,165.0,182.0,182.0,188.0,189.0,180.0,155.0,132.0,132.0,Wheat
POINT (81.54592391017678 28.25016081746699),2022-10-01,Madhya Pradesh,Shivpuri,Karera,176.0,175.0,156.0,136.0,133.0,155.0,169.0,173.0,189.0,189.0,188.0,165.0,135.0,123.0,Wheat
POINT (81.3386649 24.6854024),2022-10-01,Madhya Pradesh,Rewa,Sirmaur,154.0,152.0,116.0,125.0,140.0,159.0,171.0,182.0,185.0,180.0,166.0,135.0,118.0,119.0,Wheat
POINT (78.72066099 23.68350334),2022-10-01,Madhya Pradesh,Sagar,Sagar,160.0,143.0,116.0,116.0,122.0,164.0,189.0,190.0,189.0,192.0,186.0,145.0,115.0,111.0,Wheat
POINT (82.85698145929292 28.279689643685714),2022-10-01,Madhya Pradesh,Shivpuri,Karera,183.0,147.0,141.0,133.0,136.0,146.0,172.0,177.0,187.0,186.0,179.0,155.0,126.0,118.0,Wheat
POINT (76.3226372096505 28.254193688225357),2022-10-01,Madhya Pradesh,Shivpuri,Shivpuri,157.0,152.0,133.0,132.0,135.0,148.0,162.0,188.0,174.0,178.0,159.0,144.0,132.0,127.0,Wheat
POINT (76.0515404 23.1314319),2022-10-01,Madhya Pradesh,Ujjain,Tarana,152.0,122.0,119.0,119.0,145.0,182.0,187.0,189.0,190.0,189.0,156.0,128.0,117.0,114.0,Wheat
POINT (78.4228539 23.0628062),2022-10-01,Madhya Pradesh,Raisen,Udaipura,177.0,169.0,146.0,122.0,126.0,151.0,177.0,179.0,189.0,188.0,182.0,145.0,122.0,121.0,Wheat
POINT (74.9380936 23.7504143),2022-10-01,Madhya Pradesh,Ratlam,Piploda,122.0,123.0,117.0,127.0,169.0,190.0,191.0,193.0,191.0,188.0,139.0,116.0,112.0,114.0,Wheat
POINT (78.12090458 25.39207423),2022-10-01,Madhya Pradesh,Shivpuri,,171.0,139.0,127.0,123.0,126.0,152.0,178.0,181.0,184.0,183.0,177.0,146.0,126.0,117.0,Wheat
POINT (77.1445918 24.4027329),2022-10-01,Madhya Pradesh,Guna,Raghogarh,156.0,143.0,117.0,121.0,137.0,165.0,172.0,183.0,181.0,181.0,168.0,146.0,135.0,127.0,Wheat
POINT (83.00741373446387 28.107761597056157),2022-10-01,Madhya Pradesh,Shivpuri,Karera,173.0,145.0,135.0,136.0,139.0,177.0,188.0,186.0,189.0,186.0,178.0,146.0,129.0,120.0,Wheat
POINT (82.41906091001198 28.113888838504174),2022-10-01,Madhya Pradesh,Shivpuri,Karera,175.0,156.0,149.0,144.0,136.0,155.0,179.0,180.0,189.0,185.0,184.0,161.0,134.0,118.0,Wheat
POINT (75.2270085 22.4558178),2022-10-01,Madhya Pradesh,Dhar,Dhar,130.0,133.0,115.0,126.0,163.0,188.0,189.0,190.0,183.0,171.0,121.0,113.0,111.0,111.0,Wheat
POINT (76.9092239 24.5044672),2022-10-01,Madhya Pradesh,Guna,Kumbhraj,148.0,131.0,120.0,123.0,160.0,169.0,185.0,188.0,185.0,175.0,133.0,121.0,113.0,113.0,Wheat
POINT (79.6626312 24.7127274),2022-10-01,Madhya Pradesh,Chhatarpur,Rajnagar,167.0,144.0,138.0,139.0,138.0,168.0,186.0,187.0,186.0,183.0,175.0,131.0,130.0,127.0,Wheat
POINT (75.7471237 23.1844108),2022-10-01,Madhya Pradesh,Ujjain,Ujjain,130.0,123.0,116.0,123.0,162.0,188.0,190.0,185.0,190.0,185.0,154.0,126.0,117.0,115.0,Wheat
POINT (77.73257760097397 28.14866332702393),2022-10-01,Madhya Pradesh,Shivpuri,Shivpuri,169.0,157.0,136.0,134.0,150.0,167.0,176.0,174.0,177.0,175.0,167.0,145.0,130.0,125.0,Wheat
POINT (80.6558275724111 28.09619878672878),2022-10-01,Madhya Pradesh,Shivpuri,Karera,187.0,183.0,160.0,131.0,135.0,163.0,176.0,175.0,191.0,186.0,187.0,168.0,124.0,114.0,Wheat
POINT (82.06177442132254 28.32795360137964),2022-10-01,Madhya Pradesh,Shivpuri,Karera,180.0,171.0,145.0,130.0,123.0,148.0,170.0,177.0,187.0,186.0,179.0,154.0,127.0,116.0,Wheat
POINT (75.9459821 22.3718903),2022-10-01,Madhya Pradesh,Khargone,Barwah,164.0,172.0,165.0,162.0,146.0,132.0,162.0,183.0,192.0,189.0,192.0,157.0,121.0,128.0,Wheat
POINT (76.54072967603956 28.239519939397475),2022-10-01,Madhya Pradesh,Shivpuri,Shivpuri,136.0,126.0,128.0,141.0,173.0,186.0,189.0,200.0,191.0,190.0,174.0,142.0,123.0,117.0,Wheat
POINT (75.38499637091937 28.13299712162371),2022-10-01,Madhya Pradesh,Shivpuri,Shivpuri,155.0,153.0,146.0,140.0,137.0,136.0,152.0,168.0,191.0,193.0,189.0,167.0,130.0,114.0,Wheat
POINT (83.05521765836436 28.268394323315803),2022-10-01,Madhya Pradesh,Shivpuri,Karera,135.0,129.0,125.0,126.0,133.0,168.0,179.0,184.0,188.0,185.0,179.0,143.0,128.0,120.0,Wheat
POINT (77.9177936 22.5916988),2022-10-01,Madhya Pradesh,Hoshangabad,Itarsi,149.0,145.0,132.0,132.0,128.0,151.0,182.0,176.0,189.0,190.0,185.0,157.0,135.0,127.0,Wheat
POINT (80.19042206 23.55189896),2022-10-01,Madhya Pradesh,Jabalpur,Majholi,181.0,175.0,155.0,134.0,131.0,153.0,169.0,179.0,184.0,183.0,172.0,135.0,125.0,120.0,Wheat
POINT (78.4994482 23.6129992),2022-10-01,Madhya Pradesh,Raisen,Begamganj,149.0,140.0,124.0,130.0,140.0,166.0,184.0,180.0,188.0,192.0,183.0,150.0,119.0,116.0,Wheat
POINT (75.61930596 22.66536888),2022-10-01,Madhya Pradesh,Indore,Depalpur,148.0,136.0,121.0,124.0,159.0,181.0,188.0,182.0,182.0,165.0,128.0,117.0,113.0,116.0,Wheat
POINT (77.26593549 23.2627717),2022-10-01,Madhya Pradesh,Bhopal,Huzur,158.0,136.0,118.0,121.0,130.0,173.0,186.0,187.0,190.0,190.0,183.0,147.0,115.0,114.0,Wheat
POINT (78.12952871 26.50937147),2022-10-01,Madhya Pradesh,Morena,Morena,135.0,116.0,118.0,121.0,140.0,157.0,174.0,183.0,187.0,186.0,176.0,145.0,137.0,119.0,Wheat
POINT (76.3655154 22.995001),2022-10-01,Madhya Pradesh,Dewas,Sonkach,147.0,155.0,131.0,124.0,129.0,153.0,172.0,185.0,184.0,181.0,167.0,150.0,1.0,114.0,Wheat
POINT (76.90210767 22.69783339),2022-10-01,Madhya Pradesh,Dewas,Khategaon,146.0,146.0,141.0,133.0,173.0,187.0,193.0,190.0,183.0,157.0,129.0,116.0,112.0,113.0,Wheat
POINT (79.50889122289135 28.268844034536652),2022-10-01,Madhya Pradesh,Shivpuri,Karera,173.0,157.0,137.0,131.0,140.0,160.0,179.0,185.0,188.0,183.0,180.0,152.0,124.0,121.0,Wheat
POINT (77.04935476 23.73901363),2022-10-01,Madhya Pradesh,Rajgarh,Narsinghgarh,136.0,133.0,122.0,133.0,169.0,189.0,192.0,194.0,191.0,178.0,145.0,119.0,114.0,115.0,Wheat
POINT (80.9607718 24.7725328),2022-10-01,Madhya Pradesh,Satna,Majhgawan,146.0,141.0,119.0,119.0,124.0,151.0,174.0,186.0,186.0,183.0,176.0,140.0,122.0,119.0,Wheat
POINT (75.62440819948935 28.25805815862992),2022-10-01,Madhya Pradesh,Shivpuri,Shivpuri,145.0,140.0,136.0,137.0,155.0,178.0,186.0,184.0,191.0,192.0,179.0,143.0,129.0,121.0,Wheat
POINT (79.5882821 24.0309388),2022-10-01,Madhya Pradesh,Damoh,Patera,127.0,127.0,118.0,129.0,164.0,184.0,187.0,185.0,187.0,179.0,153.0,120.0,116.0,114.0,Wheat
POINT (77.76061918330683 28.27458616760306),2022-10-01,Madhya Pradesh,Shivpuri,Shivpuri,127.0,124.0,132.0,171.0,180.0,173.0,172.0,164.0,156.0,131.0,118.0,118.0,117.0,115.0,Mustard
POINT (78.7551408 26.5406547),2022-10-01,Madhya Pradesh,Bhind,Bhind,121.0,122.0,122.0,145.0,171.0,176.0,1.0,165.0,168.0,160.0,146.0,120.0,118.0,114.0,Mustard
POINT (81.65568637333827 28.147424161903242),2022-10-01,Madhya Pradesh,Shivpuri,Karera,136.0,121.0,128.0,156.0,174.0,181.0,175.0,175.0,170.0,151.0,123.0,118.0,117.0,115.0,Mustard
POINT (77.64298180535921 28.279899355449786),2022-10-01,Madhya Pradesh,Shivpuri,Shivpuri,122.0,120.0,150.0,172.0,175.0,169.0,171.0,164.0,158.0,136.0,119.0,119.0,117.0,116.0,Mustard
POINT (76.2154419 23.7964852),2022-10-01,Madhya Pradesh,Agar-malwa,Nalkhera,122.0,127.0,120.0,162.0,180.0,183.0,182.0,186.0,181.0,157.0,128.0,120.0,116.0,117.0,Mustard
POINT (76.8750366 24.0278824),2022-10-01,Madhya Pradesh,Rajgarh,Rajgarh,131.0,130.0,133.0,180.0,188.0,184.0,184.0,186.0,181.0,157.0,120.0,119.0,116.0,118.0,Mustard
POINT (78.0724355 25.0808413),2022-10-01,Madhya Pradesh,Shivpuri,,134.0,125.0,138.0,167.0,187.0,182.0,179.0,181.0,177.0,165.0,131.0,122.0,122.0,118.0,Mustard
POINT (76.11889416559723 28.351083173158305),2022-10-01,Madhya Pradesh,Shivpuri,Shivpuri,119.0,129.0,167.0,175.0,181.0,178.0,177.0,164.0,132.0,121.0,120.0,121.0,119.0,119.0,Mustard
POINT (77.7947574 24.7693331),2022-10-01,Madhya Pradesh,Ashoknagar,Isagarh,147.0,142.0,137.0,146.0,157.0,160.0,171.0,175.0,170.0,170.0,162.0,0.0,0.0,117.0,Mustard
POINT (76.94045442 25.54835508),2022-10-01,Madhya Pradesh,Sheopur,Karahal,160.0,130.0,144.0,153.0,184.0,187.0,194.0,188.0,184.0,138.0,124.0,126.0,116.0,118.0,Mustard
POINT (75.634087 24.0614896),2022-10-01,Madhya Pradesh,Mandsaur,Suwasra,136.0,120.0,131.0,185.0,195.0,185.0,184.0,180.0,168.0,126.0,116.0,110.0,112.0,109.0,Mustard
POINT (78.5691455 26.6889523),2022-10-01,Madhya Pradesh,Bhind,Ater,140.0,116.0,115.0,125.0,161.0,181.0,1.0,184.0,182.0,183.0,171.0,116.0,113.0,113.0,Mustard
POINT (77.33904525758113 28.462140523844667),2022-10-01,Madhya Pradesh,Shivpuri,Shivpuri,130.0,149.0,175.0,179.0,180.0,180.0,182.0,172.0,153.0,127.0,123.0,125.0,121.0,119.0,Mustard
POINT (76.61752017965263 28.204824154894887),2022-10-01,Madhya Pradesh,Shivpuri,Shivpuri,132.0,120.0,132.0,152.0,169.0,174.0,174.0,173.0,166.0,143.0,117.0,117.0,116.0,115.0,Mustard
POINT (77.76606137328115 28.276799786633504),2022-10-01,Madhya Pradesh,Shivpuri,Shivpuri,126.0,123.0,128.0,165.0,178.0,173.0,172.0,164.0,157.0,130.0,117.0,118.0,117.0,115.0,Mustard
POINT (78.5638495 26.4076163),2022-10-01,Madhya Pradesh,Bhind,Gohad,118.0,126.0,144.0,164.0,186.0,186.0,168.0,176.0,177.0,170.0,153.0,128.0,123.0,117.0,Mustard
POINT (75.1800752 24.8879025),2022-10-01,Madhya Pradesh,Nimach,Jawad,137.0,125.0,136.0,165.0,178.0,179.0,187.0,170.0,172.0,145.0,119.0,117.0,117.0,118.0,Mustard
POINT (78.5771241 26.4033813),2022-10-01,Madhya Pradesh,Bhind,Mahgawan,126.0,129.0,126.0,160.0,184.0,186.0,174.0,182.0,178.0,175.0,159.0,125.0,121.0,120.0,Mustard
POINT (77.3409904460697 28.458794274349913),2022-10-01,Madhya Pradesh,Shivpuri,Shivpuri,131.0,147.0,168.0,173.0,175.0,172.0,175.0,162.0,148.0,127.0,123.0,124.0,122.0,119.0,Mustard
POINT (77.53992895 25.92715805),2022-10-01,Madhya Pradesh,Sheopur,Vijaypur,145.0,133.0,170.0,170.0,173.0,168.0,162.0,150.0,129.0,122.0,119.0,117.0,116.0,114.0,Mustard
POINT (78.0034127 26.61540685),2022-10-01,Madhya Pradesh,Morena,Morena,137.0,135.0,136.0,148.0,171.0,175.0,170.0,172.0,171.0,164.0,153.0,124.0,127.0,123.0,Mustard
POINT (82.600317738096 28.142517198069697),2022-10-01,Madhya Pradesh,Shivpuri,Karera,162.0,141.0,138.0,160.0,173.0,182.0,178.0,172.0,173.0,156.0,137.0,128.0,125.0,121.0,Mustard
POINT (77.66631625 26.41436772),2022-10-01,Madhya Pradesh,Morena,Jora,121.0,120.0,124.0,156.0,178.0,186.0,181.0,185.0,185.0,179.0,165.0,125.0,118.0,116.0,Mustard
POINT (77.1639919 24.7718189),2022-10-01,Madhya Pradesh,Guna,Guna,125.0,119.0,135.0,165.0,184.0,186.0,184.0,181.0,178.0,143.0,117.0,114.0,113.0,112.0,Mustard
POINT (77.5978588 24.544863),2022-10-01,Madhya Pradesh,Ashoknagar,Ashoknagar,124.0,117.0,137.0,176.0,186.0,184.0,184.0,183.0,179.0,158.0,140.0,130.0,119.0,115.0,Mustard
POINT (78.5895412 26.2670528),2022-10-01,Madhya Pradesh,Bhind,Gohad,121.0,121.0,118.0,156.0,185.0,188.0,178.0,178.0,179.0,172.0,155.0,121.0,119.0,113.0,Mustard
POINT (79.0038822 26.5029842),2022-10-01,Madhya Pradesh,Bhind,Bhind,140.0,138.0,122.0,133.0,164.0,181.0,1.0,176.0,180.0,178.0,168.0,132.0,125.0,119.0,Mustard
POINT (76.47170853 23.87293206),2022-10-01,Madhya Pradesh,Rajgarh,Khilchipur,132.0,137.0,122.0,172.0,187.0,192.0,193.0,192.0,192.0,191.0,145.0,118.0,117.0,118.0,Mustard
POINT (76.45208389945817 28.205454003634333),2022-10-01,Madhya Pradesh,Shivpuri,Shivpuri,120.0,120.0,146.0,172.0,171.0,162.0,164.0,180.0,153.0,131.0,121.0,122.0,121.0,118.0,Mustard
POINT (78.6720311 26.5973951),2022-10-01,Madhya Pradesh,Bhind,Bhind,117.0,119.0,120.0,145.0,182.0,186.0,1.0,180.0,184.0,180.0,169.0,126.0,116.0,114.0,Mustard
POINT (78.8307199 26.6106373),2022-10-01,Madhya Pradesh,Bhind,Bhind,133.0,125.0,119.0,137.0,174.0,181.0,1.0,177.0,183.0,181.0,173.0,131.0,122.0,118.0,Mustard
POINT (76.60381316322551 28.48317404804989),2022-10-01,Madhya Pradesh,Shivpuri,Shivpuri,125.0,137.0,169.0,173.0,177.0,175.0,175.0,166.0,146.0,130.0,120.0,117.0,116.0,115.0,Mustard
POINT (78.0827901 26.0438737),2022-10-01,Madhya Pradesh,Gwalior,Bhitarwar,131.0,119.0,116.0,151.0,179.0,181.0,179.0,175.0,173.0,165.0,151.0,119.0,118.0,114.0,Mustard
POINT (76.02693560520076 28.01703372681525),2022-10-01,Madhya Pradesh,Shivpuri,Shivpuri,127.0,143.0,172.0,177.0,180.0,175.0,171.0,156.0,138.0,125.0,119.0,118.0,118.0,116.0,Mustard
POINT (75.0660216 24.4088889),2022-10-01,Madhya Pradesh,Nimach,Manasa,145.0,134.0,151.0,180.0,188.0,187.0,185.0,195.0,175.0,137.0,120.0,118.0,114.0,115.0,Mustard
POINT (76.66254152 25.63559873),2022-10-01,Madhya Pradesh,Sheopur,Sheopur,116.0,118.0,157.0,183.0,179.0,180.0,182.0,179.0,179.0,155.0,120.0,1.0,112.0,112.0,Mustard
POINT (77.73847848397607 28.26977227105962),2022-10-01,Madhya Pradesh,Shivpuri,Shivpuri,122.0,119.0,138.0,174.0,179.0,170.0,170.0,162.0,156.0,135.0,119.0,117.0,115.0,114.0,Mustard
POINT (78.38808277 26.75969476),2022-10-01,Madhya Pradesh,Morena,Porsa,139.0,131.0,134.0,168.0,180.0,182.0,164.0,173.0,181.0,174.0,158.0,137.0,135.0,125.0,Mustard
POINT (77.73111854055064 28.23763544449733),2022-10-01,Madhya Pradesh,Shivpuri,Shivpuri,122.0,120.0,149.0,176.0,182.0,178.0,178.0,175.0,169.0,142.0,119.0,116.0,115.0,114.0,Mustard
POINT (81.96090154159859 28.212084459364164),2022-10-01,Madhya Pradesh,Shivpuri,Karera,139.0,134.0,154.0,170.0,175.0,179.0,177.0,175.0,173.0,150.0,131.0,124.0,122.0,120.0,Mustard
POINT (78.6887506 26.0151783),2022-10-01,Madhya Pradesh,Datia,Seondha,126.0,120.0,127.0,174.0,182.0,177.0,174.0,177.0,174.0,155.0,130.0,122.0,116.0,113.0,Mustard
POINT (78.6825267 26.7273078),2022-10-01,Madhya Pradesh,Bhind,Ater,120.0,119.0,138.0,177.0,187.0,186.0,183.0,180.0,179.0,163.0,141.0,120.0,115.0,113.0,Mustard
POINT (77.08795343 24.04906527),2022-10-01,Madhya Pradesh,Rajgarh,Biyavra,131.0,132.0,129.0,182.0,190.0,185.0,187.0,188.0,181.0,149.0,119.0,113.0,114.0,113.0,Mustard
POINT (75.724224 23.9838167),2022-10-01,Madhya Pradesh,Mandsaur,Suwasra,132.0,126.0,122.0,168.0,186.0,185.0,188.0,187.0,180.0,165.0,131.0,118.0,115.0,116.0,Mustard
POINT (75.2511203 23.9891157),2022-10-01,Madhya Pradesh,Mandsaur,Mandsaur,124.0,117.0,116.0,174.0,191.0,192.0,187.0,192.0,188.0,175.0,118.0,111.0,110.0,109.0,Mustard
POINT (77.0826191 24.6838345),2022-10-01,Madhya Pradesh,Guna,Guna,144.0,128.0,127.0,162.0,176.0,181.0,186.0,185.0,182.0,168.0,137.0,128.0,118.0,113.0,Mustard
POINT (77.783612 26.29098077),2022-10-01,Madhya Pradesh,Morena,Jora,125.0,122.0,116.0,152.0,184.0,190.0,187.0,186.0,187.0,181.0,155.0,132.0,116.0,115.0,Mustard
POINT (83.31777639684242 28.168263757090887),2022-10-01,Madhya Pradesh,Shivpuri,Karera,147.0,128.0,137.0,164.0,180.0,186.0,181.0,177.0,173.0,158.0,138.0,121.0,119.0,117.0,Mustard
POINT (77.2622278 24.1758491),2022-10-01,Madhya Pradesh,Guna,Raghogarh,144.0,127.0,152.0,181.0,184.0,187.0,185.0,186.0,181.0,158.0,127.0,122.0,121.0,117.0,Mustard
POINT (77.66552285828641 28.269821543166522),2022-10-01,Madhya Pradesh,Shivpuri,Shivpuri,124.0,120.0,137.0,170.0,178.0,174.0,174.0,167.0,158.0,136.0,120.0,119.0,117.0,115.0,Mustard
POINT (77.64941594 26.26925766),2022-10-01,Madhya Pradesh,Morena,Kailaras,127.0,120.0,141.0,183.0,186.0,186.0,187.0,185.0,183.0,164.0,128.0,127.0,127.0,119.0,Mustard
POINT (77.54564327714682 28.505170196339844),2022-10-01,Madhya Pradesh,Shivpuri,Shivpuri,138.0,137.0,153.0,168.0,175.0,178.0,179.0,172.0,166.0,149.0,132.0,126.0,125.0,121.0,Mustard
POINT (77.73196291129263 28.24975022810229),2022-10-01,Madhya Pradesh,Shivpuri,Shivpuri,122.0,120.0,157.0,175.0,173.0,160.0,156.0,150.0,138.0,117.0,117.0,118.0,117.0,115.0,Mustard
POINT (75.53192302921356 28.153592092228887),2022-10-01,Madhya Pradesh,Shivpuri,Shivpuri,139.0,167.0,177.0,177.0,179.0,174.0,171.0,155.0,134.0,124.0,123.0,125.0,129.0,127.0,Mustard
POINT (77.89592721 26.38381005),2022-10-01,Madhya Pradesh,Morena,Jora,111.0,113.0,112.0,134.0,170.0,179.0,179.0,181.0,184.0,179.0,163.0,118.0,111.0,110.0,Mustard
POINT (78.25279390926252 28.131464630174058),2022-10-01,Madhya Pradesh,Shivpuri,Shivpuri,125.0,122.0,128.0,151.0,167.0,172.0,169.0,158.0,159.0,136.0,124.0,127.0,125.0,121.0,Mustard
POINT (77.57265670858615 28.331255941936096),2022-10-01,Madhya Pradesh,Shivpuri,Shivpuri,126.0,126.0,148.0,161.0,167.0,166.0,169.0,160.0,151.0,129.0,123.0,124.0,123.0,119.0,Mustard
POINT (77.45245581 25.14241665),2022-10-01,Madhya Pradesh,Shivpuri,,132.0,126.0,145.0,166.0,176.0,181.0,184.0,176.0,176.0,146.0,135.0,124.0,120.0,117.0,Mustard
POINT (82.67486242921342 28.128148474758436),2022-10-01,Madhya Pradesh,Shivpuri,Karera,129.0,128.0,160.0,184.0,185.0,184.0,183.0,181.0,175.0,156.0,131.0,121.0,119.0,115.0,Mustard
POINT (76.92683156 26.00705719),2022-10-01,Madhya Pradesh,Sheopur,Vijaypur,114.0,116.0,120.0,149.0,180.0,187.0,181.0,182.0,184.0,173.0,131.0,118.0,117.0,116.0,Mustard
POINT (77.84545117037898 28.563461645148067),2022-10-01,Madhya Pradesh,Shivpuri,Shivpuri,145.0,137.0,143.0,167.0,178.0,184.0,183.0,174.0,166.0,151.0,129.0,125.0,124.0,123.0,Mustard
POINT (77.69826799443364 28.249443348021835),2022-10-01,Madhya Pradesh,Shivpuri,Shivpuri,124.0,119.0,140.0,165.0,167.0,162.0,159.0,153.0,145.0,118.0,116.0,116.0,114.0,113.0,Mustard
POINT (79.8506827 24.9546398),2022-10-01,Madhya Pradesh,Chhatarpur,Rajnagar,142.0,130.0,137.0,163.0,180.0,183.0,183.0,183.0,181.0,163.0,140.0,119.0,116.0,115.0,Mustard
POINT (76.79763505 25.76385193),2022-10-01,Madhya Pradesh,Sheopur,Karahal,121.0,124.0,127.0,168.0,185.0,182.0,183.0,177.0,178.0,133.0,117.0,115.0,114.0,113.0,Mustard
POINT (77.49408490237067 28.248875553962204),2022-10-01,Madhya Pradesh,Shivpuri,Shivpuri,138.0,132.0,147.0,171.0,182.0,174.0,177.0,168.0,159.0,135.0,126.0,122.0,124.0,121.0,Mustard
POINT (77.39916484483824 28.61278948212416),2022-10-01,Madhya Pradesh,Shivpuri,Shivpuri,120.0,128.0,156.0,174.0,179.0,175.0,170.0,159.0,137.0,121.0,114.0,113.0,112.0,111.0,Mustard
POINT (77.81312538 26.32352403),2022-10-01,Madhya Pradesh,Morena,Jora,122.0,125.0,118.0,146.0,182.0,189.0,184.0,177.0,186.0,175.0,151.0,125.0,114.0,114.0,Mustard
POINT (76.3420425586503 28.235761087428536),2022-10-01,Madhya Pradesh,Shivpuri,Shivpuri,138.0,124.0,150.0,169.0,180.0,177.0,176.0,178.0,165.0,145.0,120.0,119.0,119.0,119.0,Mustard
POINT (78.34155176 26.59628021),2022-10-01,Madhya Pradesh,Morena,Ambah,150.0,122.0,128.0,151.0,177.0,186.0,169.0,175.0,184.0,176.0,162.0,131.0,129.0,118.0,Mustard
POINT (78.2876933 26.5369616),2022-10-01,Madhya Pradesh,Bhind,Gohad,125.0,132.0,114.0,129.0,166.0,176.0,174.0,179.0,183.0,176.0,167.0,131.0,119.0,116.0,Mustard
POINT (81.63846757150722 28.148471051909855),2022-10-01,Madhya Pradesh,Shivpuri,Karera,140.0,118.0,126.0,162.0,176.0,181.0,178.0,177.0,171.0,153.0,124.0,118.0,116.0,114.0,Mustard
POINT (77.58048952523052 28.311820175920897),2022-10-01,Madhya Pradesh,Shivpuri,Shivpuri,145.0,126.0,131.0,164.0,181.0,179.0,179.0,173.0,168.0,154.0,132.0,122.0,121.0,117.0,Mustard
POINT (77.83645297069454 28.242527679018433),2022-10-01,Madhya Pradesh,Shivpuri,Shivpuri,124.0,122.0,124.0,149.0,170.0,174.0,172.0,158.0,152.0,136.0,121.0,117.0,116.0,114.0,Mustard
POINT (78.5023411 26.365347),2022-10-01,Madhya Pradesh,Bhind,Gohad,124.0,121.0,116.0,126.0,165.0,178.0,179.0,186.0,181.0,182.0,171.0,125.0,117.0,113.0,Mustard
POINT (75.2808978 24.9162528),2022-10-01,Madhya Pradesh,Nimach,Jawad,124.0,140.0,176.0,180.0,187.0,186.0,184.0,174.0,157.0,151.0,118.0,116.0,116.0,115.0,Mustard
POINT (76.9565406 24.8932944),2022-10-01,Madhya Pradesh,Guna,Guna,144.0,125.0,139.0,167.0,188.0,186.0,188.0,187.0,184.0,157.0,118.0,117.0,114.0,115.0,Mustard
POINT (76.0791401 23.8124853),2022-10-01,Madhya Pradesh,Agar-malwa,Agar,128.0,122.0,142.0,187.0,187.0,184.0,186.0,185.0,173.0,142.0,117.0,113.0,112.0,113.0,Mustard
POINT (75.060187 24.326297),2022-10-01,Madhya Pradesh,Mandsaur,Malhargarh,132.0,152.0,177.0,176.0,187.0,186.0,183.0,177.0,161.0,155.0,134.0,117.0,117.0,114.0,Mustard
POINT (80.55596728827257 28.173785445127386),2022-10-01,Madhya Pradesh,Shivpuri,Karera,149.0,136.0,148.0,171.0,177.0,182.0,190.0,169.0,164.0,139.0,132.0,132.0,129.0,124.0,Mustard
POINT (77.2033098 24.0882249),2022-10-01,Madhya Pradesh,Guna,Raghogarh,128.0,119.0,131.0,165.0,184.0,183.0,183.0,185.0,183.0,169.0,129.0,119.0,114.0,115.0,Mustard
POINT (77.79029568577909 28.262190757765243),2022-10-01,Madhya Pradesh,Shivpuri,Shivpuri,134.0,133.0,147.0,172.0,176.0,169.0,166.0,162.0,156.0,136.0,128.0,128.0,124.0,119.0,Mustard
POINT (78.0571085 22.0701738),2022-10-01,Madhya Pradesh,Betul,Betul,162.0,131.0,131.0,184.0,185.0,180.0,183.0,180.0,169.0,141.0,128.0,120.0,119.0,123.0,Mustard
POINT (74.9207756 24.2898514),2022-10-01,Madhya Pradesh,Nimach,Nimach,121.0,146.0,179.0,180.0,181.0,178.0,172.0,152.0,124.0,113.0,117.0,116.0,112.0,112.0,Mustard
POINT (77.90668378 26.47042372),2022-10-01,Madhya Pradesh,Morena,Morena,118.0,116.0,115.0,152.0,186.0,190.0,179.0,186.0,187.0,181.0,163.0,123.0,113.0,112.0,Mustard
POINT (76.11454953851268 28.351253316354004),2022-10-01,Madhya Pradesh,Shivpuri,Shivpuri,120.0,130.0,167.0,174.0,178.0,176.0,175.0,161.0,130.0,120.0,120.0,120.0,119.0,119.0,Mustard
POINT (78.6885429 26.0148654),2022-10-01,Madhya Pradesh,Datia,Seondha,126.0,122.0,129.0,170.0,181.0,175.0,172.0,175.0,171.0,154.0,134.0,127.0,119.0,115.0,Mustard
POINT (78.0716844 24.6516357),2022-10-01,Madhya Pradesh,Ashoknagar,Chanderi,139.0,122.0,142.0,168.0,183.0,190.0,186.0,184.0,174.0,133.0,123.0,119.0,118.0,116.0,Mustard
POINT (77.1090614 24.145341),2022-10-01,Madhya Pradesh,Guna,Chachaura,144.0,134.0,143.0,163.0,176.0,189.0,187.0,186.0,170.0,155.0,133.0,121.0,114.0,115.0,Mustard
POINT (77.67456697474053 28.27253212357768),2022-10-01,Madhya Pradesh,Shivpuri,Shivpuri,127.0,123.0,131.0,159.0,169.0,164.0,162.0,154.0,146.0,127.0,118.0,119.0,117.0,115.0,Mustard
POINT (78.4257257 26.3785195),2022-10-01,Madhya Pradesh,Bhind,Gohad,130.0,129.0,121.0,143.0,173.0,177.0,175.0,178.0,178.0,175.0,159.0,121.0,117.0,113.0,Mustard
POINT (78.1194547 26.1213647),2022-10-01,Madhya Pradesh,Gwalior,Gwalior,125.0,122.0,122.0,153.0,183.0,175.0,172.0,169.0,166.0,146.0,122.0,116.0,116.0,114.0,Mustard
POINT (77.2328342 24.0875636),2022-10-01,Madhya Pradesh,Guna,Raghogarh,156.0,143.0,135.0,170.0,189.0,192.0,191.0,189.0,187.0,176.0,147.0,121.0,124.0,142.0,Mustard
POINT (75.81799518 23.86386675),2022-10-01,Madhya Pradesh,Agar-malwa,Baroud,125.0,124.0,134.0,180.0,184.0,185.0,186.0,184.0,173.0,130.0,118.0,114.0,113.0,114.0,Mustard
POINT (78.4584607 26.4765414),2022-10-01,Madhya Pradesh,Bhind,Gohad,147.0,145.0,122.0,130.0,151.0,166.0,162.0,169.0,169.0,161.0,158.0,129.0,124.0,119.0,Mustard
POINT (76.9851232 24.1510724),2022-10-01,Madhya Pradesh,Guna,Chachaura,138.0,134.0,152.0,178.0,187.0,180.0,187.0,184.0,175.0,139.0,117.0,116.0,114.0,114.0,Mustard
POINT (76.52452762322447 28.18906650123903),2022-10-01,Madhya Pradesh,Shivpuri,Shivpuri,133.0,129.0,146.0,164.0,169.0,167.0,169.0,165.0,165.0,139.0,124.0,126.0,123.0,120.0,Mustard
POINT (75.83797570787118 28.25680591342882),2022-10-01,Madhya Pradesh,Shivpuri,Shivpuri,127.0,133.0,148.0,169.0,178.0,174.0,166.0,161.0,161.0,150.0,128.0,129.0,129.0,131.0,Mustard
POINT (76.1501625 23.836889),2022-10-01,Madhya Pradesh,Agar-malwa,Nalkhera,132.0,131.0,120.0,177.0,183.0,182.0,184.0,183.0,178.0,153.0,123.0,114.0,113.0,112.0,Mustard
POINT (77.95516696 26.5930631),2022-10-01,Madhya Pradesh,Morena,Morena,155.0,130.0,117.0,136.0,160.0,167.0,164.0,162.0,169.0,160.0,139.0,130.0,124.0,118.0,Mustard
POINT (79.72476357 24.69086791),2022-10-01,Madhya Pradesh,Chhatarpur,Bijawar,123.0,127.0,142.0,165.0,173.0,180.0,181.0,181.0,175.0,160.0,137.0,129.0,130.0,130.0,Mustard
POINT (77.725257 27.198617),2022-10-01,Uttar Pradesh,Agra,Kurauli,119.0,130.0,115.0,145.0,177.0,190.0,170.0,180.0,181.0,136.0,116.0,121.0,112.0,112.0,Potato
POINT (79.772065 27.11137),2022-10-01,Uttar Pradesh,Kannauj,Kannauj,112.0,117.0,123.0,159.0,183.0,185.0,105.0,181.0,176.0,156.0,125.0,134.0,124.0,148.0,Potato
POINT (79.877963 27.053126),2022-10-01,Uttar Pradesh,Kannauj,Kannauj,129.0,131.0,113.0,154.0,184.0,187.0,107.0,172.0,169.0,122.0,120.0,111.0,135.0,179.0,Potato
POINT (77.967544 27.584478),2022-10-01,Uttar Pradesh,Hathras,Hathras,115.0,116.0,118.0,151.0,181.0,185.0,170.0,175.0,164.0,132.0,121.0,129.0,122.0,141.0,Potato
POINT (78.339588 27.265861),2022-10-01,Uttar Pradesh,Firozabad,Tundla,116.0,131.0,113.0,148.0,189.0,194.0,109.0,184.0,179.0,132.0,118.0,131.0,114.0,161.0,Potato
POINT (78.131799 27.187596),2022-10-01,Uttar Pradesh,Agra,Atmadpur,145.0,132.0,136.0,160.0,173.0,180.0,113.0,174.0,178.0,176.0,160.0,137.0,134.0,126.0,Potato
POINT (79.938568 26.90193),2022-10-01,Uttar Pradesh,Kannauj,Tirwa,129.0,125.0,111.0,164.0,184.0,184.0,106.0,177.0,171.0,153.0,125.0,119.0,139.0,162.0,Potato
POINT (77.973972 27.556835),2022-10-01,Uttar Pradesh,Hathras,Hathras,120.0,118.0,118.0,145.0,182.0,189.0,177.0,185.0,170.0,158.0,125.0,115.0,130.0,145.0,Potato
POINT (78.603562 27.047025),2022-10-01,Uttar Pradesh,Firozabad,Sikohabad,137.0,143.0,115.0,143.0,185.0,189.0,111.0,179.0,178.0,171.0,163.0,118.0,121.0,118.0,Potato
POINT (79.390994 27.215296),2022-10-01,Uttar Pradesh,Farrukhabad,Farrukhabad,179.0,167.0,112.0,115.0,163.0,182.0,105.0,183.0,182.0,142.0,125.0,111.0,120.0,146.0,Potato
POINT (79.330726 27.106367),2022-10-01,Uttar Pradesh,Mainpuri,Bhogaon,131.0,129.0,117.0,167.0,192.0,191.0,108.0,181.0,166.0,136.0,126.0,122.0,169.0,177.0,Potato
POINT (77.883637 27.701684),2022-10-01,Uttar Pradesh,Aligarh,Iglas,168.0,137.0,113.0,151.0,185.0,188.0,180.0,176.0,144.0,136.0,123.0,124.0,117.0,135.0,Potato
POINT (80.966238 25.783467),2022-10-01,Uttar Pradesh,Fatehpur,Fatehpur,107.0,139.0,119.0,119.0,152.0,179.0,176.0,180.0,178.0,152.0,124.0,121.0,116.0,124.0,Potato
POINT (79.993532 26.982951),2022-10-01,Uttar Pradesh,Kannauj,Kannauj,119.0,124.0,112.0,127.0,156.0,167.0,109.0,179.0,169.0,148.0,117.0,112.0,117.0,161.0,Potato
POINT (81.297427 27.054848),2022-10-01,Uttar Pradesh,Barabanki,Ramnagar,102.0,129.0,112.0,127.0,186.0,170.0,106.0,187.0,184.0,149.0,122.0,119.0,132.0,158.0,Potato
POINT (77.917987 27.766677),2022-10-01,Uttar Pradesh,Aligarh,Iglas,128.0,143.0,111.0,139.0,185.0,186.0,182.0,181.0,175.0,157.0,121.0,123.0,113.0,149.0,Potato
POINT (77.92334 27.889651),2022-10-01,Uttar Pradesh,Aligarh,Kol,158.0,128.0,115.0,152.0,177.0,177.0,172.0,175.0,171.0,139.0,120.0,125.0,117.0,116.0,Potato
POINT (78.059041 27.785719),2022-10-01,Uttar Pradesh,Hathras,Sasni,140.0,122.0,115.0,151.0,184.0,184.0,172.0,180.0,178.0,166.0,118.0,143.0,114.0,128.0,Potato
POINT (78.541254 28.662739),2022-10-01,Uttar Pradesh,Sambhal,Sambhal,180.0,164.0,113.0,120.0,176.0,165.0,108.0,181.0,185.0,154.0,125.0,129.0,141.0,176.0,Potato
POINT (79.813543 27.071464),2022-10-01,Uttar Pradesh,Kannauj,Kannauj,121.0,136.0,110.0,144.0,185.0,188.0,108.0,184.0,166.0,129.0,118.0,120.0,157.0,180.0,Potato
POINT (77.841345 28.446007),2022-10-01,Uttar Pradesh,Bulandshahr,Bulandshahr,135.0,129.0,112.0,156.0,179.0,180.0,102.0,175.0,141.0,120.0,126.0,180.0,178.0,168.0,Potato
POINT (81.234173 27.138571),2022-10-01,Uttar Pradesh,Barabanki,Fatehpur,102.0,129.0,114.0,122.0,186.0,168.0,166.0,181.0,180.0,130.0,118.0,124.0,133.0,146.0,Potato
"POLYGON ((80.03573387198617 26.890201755088807, 80.03573387198617 26.890546230624235, 80.03616302542855 26.890546230624235, 80.03616302542855 26.890201755088807, 80.03573387198617 26.890201755088807))",2022-10-01,Uttar Pradesh,Kanpur Nagar,Bilhaur,121.0,112.0,113.0,161.0,179.0,150.0,179.0,169.0,143.0,121.0,116.0,113.0,152.0,175.0,Potato
POINT (78.036941 27.276285),2022-10-01,Uttar Pradesh,Agra,Atmadpur,117.0,132.0,112.0,180.0,190.0,195.0,166.0,183.0,178.0,135.0,114.0,112.0,111.0,110.0,Potato
POINT (78.014706 27.299808),2022-10-01,Uttar Pradesh,Agra,Atmadpur,116.0,124.0,118.0,154.0,185.0,190.0,158.0,186.0,184.0,169.0,134.0,128.0,132.0,143.0,Potato
POINT (81.124106 26.891599),2022-10-01,Uttar Pradesh,Barabanki,Nawabganj,102.0,138.0,114.0,114.0,173.0,165.0,103.0,188.0,180.0,138.0,113.0,122.0,121.0,129.0,Potato
POINT (79.569495 27.341619),2022-10-01,Uttar Pradesh,Farrukhabad,Farrukhabad,128.0,124.0,111.0,112.0,146.0,169.0,106.0,179.0,177.0,146.0,117.0,113.0,120.0,132.0,Potato
POINT (78.55128 27.346066),2022-10-01,Uttar Pradesh,Firozabad,Jasrana,178.0,167.0,115.0,124.0,173.0,188.0,106.0,186.0,183.0,171.0,123.0,124.0,111.0,118.0,Potato
POINT (77.881436 27.668621),2022-10-01,Uttar Pradesh,Aligarh,Iglas,166.0,148.0,114.0,128.0,186.0,188.0,182.0,179.0,179.0,144.0,114.0,121.0,116.0,135.0,Potato
POINT (78.93771 28.286496),2022-10-01,Uttar Pradesh,Budaun,Bisauli,133.0,138.0,112.0,131.0,187.0,167.0,106.0,174.0,177.0,137.0,121.0,136.0,113.0,127.0,Potato
POINT (79.332661 26.948159),2022-10-01,Uttar Pradesh,Kannauj,Chhibramau,177.0,166.0,114.0,121.0,176.0,180.0,109.0,179.0,161.0,135.0,120.0,136.0,121.0,167.0,Potato
POINT (77.950017 28.506665),2022-10-01,Uttar Pradesh,Bulandshahr,Bulandshahr,133.0,129.0,114.0,146.0,183.0,179.0,105.0,182.0,177.0,151.0,120.0,129.0,139.0,154.0,Potato
POINT (77.844304 27.656324),2022-10-01,Uttar Pradesh,Aligarh,Iglas,113.0,128.0,111.0,160.0,189.0,190.0,182.0,182.0,179.0,139.0,117.0,125.0,116.0,130.0,Potato
POINT (79.962546 26.845323),2022-10-01,Uttar Pradesh,Kanpur,Bilhaur,141.0,128.0,110.0,147.0,179.0,182.0,105.0,171.0,145.0,128.0,116.0,117.0,119.0,125.0,Potato
POINT (79.505942 27.188586),2022-10-01,Uttar Pradesh,Kannauj,Chhibramau,118.0,113.0,111.0,168.0,190.0,191.0,108.0,182.0,160.0,129.0,127.0,113.0,134.0,168.0,Potato
POINT (78.462275 26.853701),2022-10-01,Uttar Pradesh,Agra,Bah,170.0,155.0,135.0,124.0,164.0,180.0,167.0,185.0,184.0,174.0,146.0,132.0,123.0,123.0,Potato
POINT (79.417536 27.344312),2022-10-01,Uttar Pradesh,Farrukhabad,Farrukhabad,137.0,145.0,114.0,130.0,179.0,185.0,108.0,183.0,175.0,121.0,122.0,115.0,132.0,141.0,Potato
POINT (79.620117 27.212324),2022-10-01,Uttar Pradesh,Farrukhabad,Farrukhabad,120.0,117.0,118.0,176.0,190.0,189.0,107.0,181.0,132.0,121.0,125.0,136.0,152.0,174.0,Potato
POINT (78.184399 27.069391),2022-10-01,Uttar Pradesh,Agra,Fatehabad,116.0,142.0,113.0,126.0,183.0,187.0,163.0,178.0,160.0,154.0,117.0,113.0,120.0,144.0,Potato
POINT (81.277297 27.111497),2022-10-01,Uttar Pradesh,Barabanki,Ramnagar,102.0,126.0,113.0,129.0,184.0,174.0,103.0,189.0,186.0,143.0,114.0,118.0,110.0,128.0,Potato
POINT (79.350202 27.146944),2022-10-01,Uttar Pradesh,Mainpuri,Bhogaon,114.0,115.0,110.0,173.0,191.0,194.0,105.0,185.0,167.0,117.0,121.0,115.0,151.0,169.0,Potato
POINT (77.932738 27.361177),2022-10-01,Uttar Pradesh,Hathras,Sadabad,117.0,123.0,116.0,156.0,186.0,182.0,170.0,177.0,169.0,136.0,118.0,117.0,114.0,119.0,Potato
POINT (78.638122 28.630811),2022-10-01,Uttar Pradesh,Sambhal,Sambhal,141.0,128.0,113.0,134.0,180.0,160.0,105.0,176.0,165.0,128.0,119.0,135.0,170.0,182.0,Potato
POINT (78.678568 27.128958),2022-10-01,Uttar Pradesh,Firozabad,Sikohabad,122.0,125.0,112.0,131.0,175.0,184.0,106.0,175.0,144.0,130.0,129.0,111.0,111.0,111.0,Potato
POINT (78.229661 27.398967),2022-10-01,Uttar Pradesh,Agra,Atmadpur,130.0,125.0,115.0,130.0,184.0,190.0,108.0,188.0,184.0,141.0,123.0,117.0,114.0,126.0,Potato
POINT (78.618673 27.133098),2022-10-01,Uttar Pradesh,Firozabad,Sikohabad,166.0,126.0,115.0,116.0,154.0,174.0,107.0,181.0,174.0,155.0,147.0,118.0,113.0,128.0,Potato
POINT (79.593091 27.249967),2022-10-01,Uttar Pradesh,Farrukhabad,Farrukhabad,122.0,136.0,110.0,160.0,189.0,190.0,109.0,179.0,172.0,139.0,116.0,117.0,144.0,179.0,Potato
POINT (77.793554 27.611233),2022-10-01,Uttar Pradesh,Mathura,Mat,125.0,124.0,115.0,173.0,187.0,188.0,182.0,182.0,173.0,135.0,119.0,128.0,120.0,161.0,Potato
POINT (79.774123 26.99638),2022-10-01,Uttar Pradesh,Kannauj,Kannauj,156.0,131.0,115.0,128.0,161.0,169.0,108.0,175.0,156.0,122.0,116.0,120.0,150.0,176.0,Potato
POINT (78.124176 27.079539),2022-10-01,Uttar Pradesh,Agra,Fatehabad,157.0,119.0,120.0,141.0,166.0,173.0,154.0,176.0,179.0,175.0,150.0,115.0,116.0,116.0,Potato
POINT (79.824159 27.039867),2022-10-01,Uttar Pradesh,Kannauj,Kannauj,130.0,132.0,112.0,152.0,177.0,177.0,108.0,164.0,163.0,128.0,114.0,115.0,139.0,163.0,Potato
"POLYGON ((80.0095250846035 26.86970278262316, 80.0095250846035 26.870190877831533, 80.0099220515377 26.870190877831533, 80.0099220515377 26.86970278262316, 80.0095250846035 26.86970278262316))",2022-10-01,Uttar Pradesh,Kanpur Nagar,Bilhaur,122.0,112.0,122.0,149.0,170.0,104.0,169.0,160.0,149.0,126.0,122.0,123.0,133.0,165.0,Potato
POINT (79.125441 26.743377),2022-10-01,Uttar Pradesh,Etawah,Bharthna,124.0,126.0,126.0,176.0,184.0,180.0,104.0,159.0,142.0,146.0,117.0,131.0,151.0,168.0,Potato
POINT (79.509343 27.620441),2022-10-01,Uttar Pradesh,Shahjahanpur,Jalalabad,143.0,118.0,115.0,141.0,180.0,176.0,110.0,173.0,168.0,125.0,119.0,119.0,165.0,182.0,Potato
POINT (77.936279 27.452543),2022-10-01,Uttar Pradesh,Hathras,Sadabad,127.0,124.0,114.0,142.0,178.0,185.0,171.0,175.0,178.0,140.0,122.0,126.0,121.0,147.0,Potato
POINT (79.26006 27.389553),2022-10-01,Uttar Pradesh,Farrukhabad,Farrukhabad,174.0,166.0,117.0,129.0,172.0,180.0,106.0,171.0,176.0,126.0,131.0,123.0,141.0,165.0,Potato
POINT (77.668747 27.117913),2022-10-01,Uttar Pradesh,Agra,Kurauli,118.0,120.0,112.0,147.0,182.0,191.0,175.0,179.0,165.0,143.0,118.0,117.0,111.0,121.0,Potato
"POLYGON ((78.87733090420474 28.277444515991967, 78.87733090420474 28.277690176677545, 78.87765276928653 28.277690176677545, 78.87765276928653 28.277444515991967, 78.87733090420474 28.277444515991967))",2022-10-01,Uttar Pradesh,Budaun,Bisauli,126.0,118.0,112.0,118.0,173.0,104.0,174.0,108.0,159.0,141.0,119.0,115.0,124.0,164.0,Potato
POINT (77.832128 27.385447),2022-10-01,Uttar Pradesh,Mathura,Mahaban,122.0,131.0,112.0,165.0,189.0,192.0,181.0,183.0,172.0,129.0,111.0,111.0,111.0,111.0,Potato
POINT (79.76331 27.127813),2022-10-01,Uttar Pradesh,Kannauj,Kannauj,115.0,131.0,119.0,160.0,183.0,182.0,105.0,180.0,161.0,140.0,120.0,129.0,133.0,171.0,Potato
"POLYGON ((78.63490253170349 27.20891833458156, 78.6352458544574 27.208784751555594, 78.63498836239197 27.208441251610708, 78.6346879549823 27.20857483504842, 78.63490253170349 27.20891833458156))",2022-10-01,Uttar Pradesh,Firozabad,Jasrana,113.0,112.0,116.0,169.0,162.0,182.0,162.0,171.0,147.0,128.0,114.0,119.0,113.0,140.0,Potato
POINT (77.834497 27.369716),2022-10-01,Uttar Pradesh,Mathura,Mahaban,126.0,127.0,112.0,161.0,186.0,191.0,174.0,180.0,177.0,158.0,139.0,117.0,119.0,118.0,Potato
POINT (78.855537 28.292087),2022-10-01,Uttar Pradesh,Budaun,Bisauli,175.0,127.0,115.0,164.0,188.0,162.0,106.0,173.0,153.0,121.0,139.0,122.0,123.0,152.0,Potato
POINT (78.01085 27.107756),2022-10-01,Uttar Pradesh,Agra,Agra,122.0,116.0,111.0,150.0,185.0,195.0,162.0,183.0,182.0,139.0,113.0,115.0,110.0,111.0,Potato
POINT (79.624316 26.984706),2022-10-01,Uttar Pradesh,Kannauj,Tirwa,121.0,132.0,122.0,152.0,170.0,168.0,108.0,160.0,146.0,124.0,119.0,122.0,128.0,151.0,Potato
POINT (79.831843 27.096082),2022-10-01,Uttar Pradesh,Kannauj,Kannauj,117.0,123.0,112.0,160.0,188.0,186.0,107.0,181.0,165.0,129.0,127.0,135.0,129.0,172.0,Potato
POINT (78.452151 27.381466),2022-10-01,Uttar Pradesh,Etah,Jalesar,133.0,138.0,119.0,172.0,185.0,187.0,105.0,180.0,166.0,146.0,126.0,124.0,127.0,116.0,Potato
POINT (80.121912 26.656267),2022-10-01,Uttar Pradesh,Kanpur,Bilhaur,141.0,127.0,112.0,165.0,190.0,190.0,146.0,186.0,186.0,133.0,114.0,123.0,112.0,132.0,Potato
POINT (78.139429 27.425201),2022-10-01,Uttar Pradesh,Hathras,Sadabad,127.0,119.0,111.0,169.0,190.0,195.0,132.0,183.0,176.0,167.0,120.0,120.0,116.0,141.0,Potato
POINT (79.788463 27.049946),2022-10-01,Uttar Pradesh,Kannauj,Kannauj,132.0,141.0,111.0,161.0,190.0,188.0,107.0,185.0,182.0,157.0,121.0,129.0,146.0,181.0,Potato
"POLYGON ((78.82839930859286 27.09553158203538, 78.82839930859286 27.09591363451874, 78.8286568006583 27.09591363451874, 78.8286568006583 27.09553158203538, 78.82839930859286 27.09553158203538))",2022-10-01,Uttar Pradesh,Mainpuri,Karhal,119.0,112.0,111.0,149.0,185.0,181.0,182.0,180.0,176.0,129.0,122.0,111.0,112.0,153.0,Potato
POINT (79.897934 27.145093),2022-10-01,Uttar Pradesh,Kannauj,Kannauj,123.0,143.0,139.0,167.0,179.0,179.0,104.0,174.0,171.0,150.0,139.0,130.0,131.0,131.0,Potato
POINT (77.656743 27.121596),2022-10-01,Uttar Pradesh,Agra,Kurauli,147.0,126.0,116.0,135.0,176.0,193.0,177.0,190.0,192.0,190.0,177.0,140.0,121.0,116.0,Potato
POINT (79.995148 26.948477),2022-10-01,Uttar Pradesh,Kanpur,Bilhaur,126.0,126.0,111.0,168.0,186.0,186.0,120.0,179.0,177.0,152.0,131.0,113.0,122.0,178.0,Potato
POINT (79.681912 27.169048),2022-10-01,Uttar Pradesh,Kannauj,Chhibramau,126.0,129.0,113.0,148.0,184.0,185.0,107.0,178.0,162.0,126.0,122.0,129.0,117.0,141.0,Potato
POINT (84.021964 25.640209),2022-10-01,Uttar Pradesh,Ballia,Ballia,154.0,122.0,136.0,153.0,183.0,186.0,103.0,169.0,142.0,128.0,127.0,131.0,130.0,132.0,Potato
POINT (79.61939 27.523554),2022-10-01,Uttar Pradesh,Farrukhabad,Amritpur,178.0,127.0,116.0,168.0,181.0,177.0,105.0,156.0,142.0,123.0,122.0,137.0,149.0,161.0,Potato
POINT (82.845938 25.621727),2022-10-01,Uttar Pradesh,Jaunpur,Kirakat,131.0,133.0,121.0,167.0,175.0,174.0,103.0,166.0,179.0,166.0,139.0,122.0,126.0,124.0,Potato
POINT (77.923653 27.867829),2022-10-01,Uttar Pradesh,Aligarh,Kol,134.0,126.0,114.0,169.0,184.0,185.0,181.0,197.0,151.0,122.0,114.0,120.0,115.0,128.0,Potato
POINT (80.249967 26.741959),2022-10-01,Uttar Pradesh,Unnao,Safipur,124.0,119.0,125.0,159.0,183.0,180.0,141.0,181.0,174.0,145.0,123.0,123.0,114.0,115.0,Potato
POINT (77.949967 27.761704),2022-10-01,Uttar Pradesh,Aligarh,Iglas,181.0,169.0,124.0,128.0,181.0,186.0,180.0,182.0,178.0,164.0,118.0,116.0,121.0,139.0,Potato
"POLYGON ((79.01431559134127 27.30108658002534, 79.01431559134127 27.301239119685132, 79.0144657950461 27.301239119685132, 79.0144657950461 27.30108658002534, 79.01431559134127 27.30108658002534))",2022-10-01,Uttar Pradesh,Mainpuri,Mainpuri,177.0,133.0,113.0,123.0,137.0,151.0,153.0,160.0,157.0,131.0,121.0,122.0,114.0,134.0,Potato
POINT (79.004368 27.298406),2022-10-01,Uttar Pradesh,Mainpuri,Mainpuri,118.0,113.0,129.0,181.0,191.0,187.0,106.0,158.0,163.0,120.0,128.0,121.0,160.0,183.0,Potato
POINT (78.472695 28.510092),2022-10-01,Uttar Pradesh,Sambhal,Sambhal,154.0,130.0,115.0,141.0,178.0,165.0,104.0,170.0,131.0,122.0,144.0,167.0,184.0,173.0,Potato
"POLYGON ((78.01218675355845 27.444683133646645, 78.01245497445994 27.444530791584715, 78.01230477075511 27.444311799502135, 78.01202582101756 27.444492706036346, 78.01218675355845 27.444683133646645))",2022-10-01,Uttar Pradesh,Hathras,Sadabad,112.0,111.0,119.0,179.0,178.0,181.0,155.0,175.0,160.0,141.0,142.0,118.0,113.0,111.0,Potato
POINT (78.729629 27.301884),2022-10-01,Uttar Pradesh,Mainpuri,Mainpuri,133.0,126.0,112.0,160.0,189.0,189.0,106.0,182.0,176.0,154.0,129.0,124.0,113.0,122.0,Potato
POINT (78.011476 27.44633),2022-10-01,Uttar Pradesh,Hathras,Sadabad,142.0,142.0,127.0,173.0,186.0,189.0,140.0,182.0,182.0,150.0,127.0,123.0,142.0,155.0,Potato
POINT (78.616768 28.521268),2022-10-01,Uttar Pradesh,Sambhal,Sambhal,164.0,122.0,112.0,129.0,178.0,170.0,105.0,175.0,180.0,153.0,126.0,127.0,131.0,169.0,Potato
POINT (79.187324 27.441245),2022-10-01,Uttar Pradesh,Etah,Aliganj,121.0,125.0,141.0,185.0,188.0,184.0,104.0,157.0,119.0,121.0,124.0,147.0,168.0,184.0,Potato
POINT (78.298323 27.293851),2022-10-01,Uttar Pradesh,Firozabad,Tundla,113.0,118.0,111.0,148.0,179.0,185.0,112.0,174.0,149.0,126.0,128.0,110.0,113.0,131.0,Potato
POINT (79.480038 27.066449),2022-10-01,Uttar Pradesh,Kannauj,Chhibramau,136.0,140.0,114.0,160.0,184.0,184.0,108.0,177.0,131.0,126.0,135.0,156.0,171.0,173.0,Potato
POINT (78.08656 27.666414),2022-10-01,Uttar Pradesh,Hathras,Sasni,119.0,118.0,113.0,171.0,188.0,191.0,158.0,185.0,179.0,143.0,118.0,120.0,113.0,120.0,Potato
POINT (79.221568 27.311628),2022-10-01,Uttar Pradesh,Mainpuri,Bhogaon,119.0,121.0,120.0,181.0,190.0,189.0,106.0,173.0,152.0,122.0,118.0,115.0,142.0,157.0,Potato
"POLYGON ((83.7523122429684 25.50825487711249, 83.7523122429684 25.508758393303797, 83.75308471916469 25.508758393303797, 83.75308471916469 25.50825487711249, 83.7523122429684 25.50825487711249))",2022-10-01,Uttar Pradesh,Ghazipur,Zamania,107.0,105.0,103.0,121.0,145.0,145.0,164.0,153.0,124.0,135.0,174.0,186.0,161.0,119.0,Potato
"POLYGON ((82.85211323252489 25.588945741876962, 82.85223124972154 25.588926388860305, 82.85225270739366 25.588665122829102, 82.85209177485277 25.588684475888023, 82.85211323252489 25.588945741876962))",2022-10-01,Uttar Pradesh,Jaunpur,Kirakat,161.0,141.0,118.0,135.0,148.0,164.0,160.0,146.0,158.0,126.0,127.0,123.0,118.0,139.0,Potato
POINT (78.190589 27.41713),2022-10-01,Uttar Pradesh,Hathras,Sadabad,130.0,134.0,115.0,133.0,161.0,168.0,109.0,172.0,164.0,134.0,125.0,116.0,121.0,117.0,Potato
POINT (77.866152 27.64329),2022-10-01,Uttar Pradesh,Aligarh,Iglas,120.0,121.0,116.0,178.0,189.0,188.0,181.0,180.0,169.0,133.0,114.0,120.0,114.0,130.0,Potato
POINT (79.347905 27.43205),2022-10-01,Uttar Pradesh,Farrukhabad,Karimganj,122.0,123.0,120.0,174.0,187.0,185.0,107.0,170.0,153.0,128.0,125.0,137.0,150.0,161.0,Potato
POINT (78.792546 27.005175),2022-10-01,Uttar Pradesh,Mainpuri,Karhal,160.0,131.0,116.0,155.0,184.0,179.0,110.0,174.0,173.0,151.0,125.0,125.0,117.0,137.0,Potato
POINT (80.756448 25.898851),2022-10-01,Uttar Pradesh,Fatehpur,Fatehpur,95.0,125.0,114.0,120.0,148.0,180.0,176.0,186.0,183.0,150.0,139.0,118.0,120.0,128.0,Potato
POINT (76.0579725780273 28.315845737163354),2022-10-01,Madhya Pradesh,Shivpuri,Shivpuri,174.0,174.0,168.0,174.0,177.0,180.0,184.0,180.0,185.0,184.0,178.0,174.0,173.0,165.0,Wheat
POINT (83.17984865118775 28.177877798016716),2022-10-01,Madhya Pradesh,Shivpuri,Karera,162.0,160.0,155.0,152.0,155.0,175.0,181.0,179.0,181.0,178.0,172.0,158.0,150.0,136.0,Wheat
POINT (75.8232944 22.2330099),2022-10-01,Madhya Pradesh,Khargone,Maheshwar,154.0,167.0,153.0,115.0,157.0,187.0,191.0,188.0,191.0,179.0,132.0,119.0,113.0,113.0,Wheat
POINT (76.02697087867871 28.165603843197424),2022-10-01,Madhya Pradesh,Shivpuri,Shivpuri,150.0,149.0,160.0,166.0,161.0,146.0,165.0,178.0,194.0,194.0,193.0,182.0,158.0,125.0,Wheat
POINT (75.4053903 21.8213201),2022-10-01,Madhya Pradesh,Khargone,Seagon,169.0,160.0,145.0,145.0,120.0,160.0,186.0,189.0,190.0,193.0,188.0,131.0,117.0,111.0,Wheat
POINT (76.71594115 23.09847727),2022-10-01,Madhya Pradesh,Sehore,Ashta,163.0,160.0,146.0,125.0,156.0,185.0,188.0,190.0,187.0,176.0,149.0,115.0,116.0,116.0,Wheat
POINT (81.17358573816995 28.122742024374976),2022-10-01,Madhya Pradesh,Shivpuri,Karera,177.0,162.0,143.0,145.0,157.0,190.0,190.0,186.0,188.0,183.0,178.0,154.0,136.0,123.0,Wheat
POINT (75.62915895 21.68009777),2022-10-01,Madhya Pradesh,Khargone,Bhagwanpura,174.0,170.0,151.0,143.0,120.0,163.0,182.0,186.0,189.0,191.0,171.0,143.0,119.0,120.0,Wheat
POINT (80.37193239549191 28.210995933416605),2022-10-01,Madhya Pradesh,Shivpuri,Karera,161.0,153.0,141.0,143.0,152.0,194.0,193.0,187.0,192.0,187.0,183.0,163.0,134.0,123.0,Wheat
POINT (76.26701324126053 28.116864427868176),2022-10-01,Madhya Pradesh,Shivpuri,Shivpuri,152.0,151.0,160.0,162.0,168.0,175.0,176.0,191.0,171.0,172.0,166.0,156.0,149.0,129.0,Wheat
POINT (80.32605886615725 28.211309393667996),2022-10-01,Madhya Pradesh,Shivpuri,Karera,161.0,152.0,146.0,149.0,157.0,190.0,193.0,186.0,190.0,186.0,181.0,159.0,137.0,127.0,Wheat
POINT (83.1364575419217 28.102810457314163),2022-10-01,Madhya Pradesh,Shivpuri,Karera,176.0,152.0,142.0,145.0,149.0,170.0,182.0,180.0,188.0,186.0,185.0,169.0,140.0,126.0,Wheat
POINT (81.58403175473171 28.20401976093054),2022-10-01,Madhya Pradesh,Shivpuri,Karera,185.0,184.0,172.0,162.0,141.0,135.0,136.0,139.0,176.0,181.0,181.0,166.0,149.0,126.0,Wheat
POINT (80.7733012506212 28.095222359164218),2022-10-01,Madhya Pradesh,Shivpuri,Karera,148.0,149.0,137.0,139.0,143.0,189.0,190.0,188.0,190.0,183.0,183.0,161.0,133.0,123.0,Wheat
POINT (83.33962350639239 28.20433741866701),2022-10-01,Madhya Pradesh,Shivpuri,Karera,172.0,168.0,156.0,162.0,160.0,172.0,177.0,174.0,184.0,183.0,179.0,168.0,157.0,141.0,Wheat
POINT (75.1042731 22.2905737),2022-10-01,Madhya Pradesh,Dhar,Manawar,174.0,177.0,162.0,153.0,120.0,153.0,181.0,189.0,191.0,190.0,178.0,121.0,117.0,115.0,Wheat
POINT (82.62222701434482 28.224682458054765),2022-10-01,Madhya Pradesh,Shivpuri,Karera,177.0,175.0,163.0,150.0,146.0,168.0,177.0,178.0,186.0,184.0,178.0,149.0,141.0,121.0,Wheat
POINT (80.74571623708863 28.120387916334096),2022-10-01,Madhya Pradesh,Shivpuri,Karera,178.0,171.0,147.0,150.0,160.0,192.0,188.0,184.0,186.0,171.0,158.0,132.0,125.0,120.0,Wheat
POINT (80.199555 28.080018),2022-10-01,Uttar Pradesh,Shahjahanpur,Puwanya,173.0,144.0,117.0,153.0,182.0,160.0,100.0,176.0,152.0,129.0,118.0,114.0,135.0,149.0,Potato
POINT (78.0666481 24.6018659),2022-10-01,Madhya Pradesh,Ashoknagar,Chanderi,162.0,156.0,141.0,131.0,130.0,127.0,127.0,126.0,124.0,123.0,122.0,0.0,0.0,116.0,Wheat
POINT (79.4783167 23.0240133),2022-10-01,Madhya Pradesh,Narshimapura,Gotegaon,176.0,164.0,135.0,123.0,137.0,187.0,191.0,190.0,191.0,191.0,184.0,150.0,123.0,150.0,Wheat
POINT (78.124869 28.471512),2022-10-01,Uttar Pradesh,Bulandshahr,Siyana,169.0,143.0,115.0,122.0,180.0,179.0,105.0,185.0,182.0,167.0,118.0,143.0,176.0,173.0,Potato
POINT (83.5680178191039 28.23462098615533),2022-10-01,Madhya Pradesh,Shivpuri,Karera,160.0,156.0,124.0,134.0,139.0,126.0,151.0,158.0,174.0,179.0,184.0,178.0,172.0,146.0,Wheat
POINT (77.034537 22.6157221),2022-10-01,Madhya Pradesh,Dewas,Khategaon,137.0,137.0,132.0,151.0,165.0,174.0,184.0,176.0,185.0,155.0,141.0,146.0,147.0,152.0,Wheat
POINT (79.8698609 24.6975437),2022-10-01,Madhya Pradesh,Chhatarpur,Rajnagar,174.0,164.0,152.0,133.0,130.0,164.0,175.0,177.0,180.0,181.0,176.0,150.0,145.0,161.0,Wheat
POINT (79.8970108 23.24167252),2022-10-01,Madhya Pradesh,Jabalpur,Jabalpur,186.0,181.0,159.0,125.0,136.0,184.0,190.0,193.0,192.0,191.0,192.0,142.0,121.0,147.0,Wheat
POINT (79.4783366 23.0240518),2022-10-01,Madhya Pradesh,Narshimapura,Gotegaon,176.0,164.0,135.0,123.0,137.0,187.0,191.0,190.0,191.0,191.0,184.0,150.0,123.0,150.0,Wheat
POINT (78.461972 28.569706),2022-10-01,Uttar Pradesh,Sambhal,Sambhal,145.0,128.0,120.0,122.0,162.0,159.0,105.0,183.0,175.0,144.0,119.0,140.0,151.0,164.0,Potato
POINT (76.07572471101813 28.18324839257391),2022-10-01,Madhya Pradesh,Shivpuri,Shivpuri,162.0,139.0,158.0,179.0,181.0,187.0,189.0,183.0,188.0,186.0,186.0,173.0,175.0,157.0,Wheat
POINT (74.65667325 21.71523468),2022-10-01,Madhya Pradesh,Barwani,Pansemal,180.0,171.0,131.0,127.0,138.0,175.0,185.0,189.0,191.0,186.0,187.0,177.0,167.0,140.0,Wheat
POINT (77.47431939687345 28.256943011728332),2022-10-01,Madhya Pradesh,Shivpuri,Shivpuri,169.0,163.0,138.0,128.0,139.0,158.0,179.0,175.0,178.0,172.0,175.0,166.0,140.0,143.0,Wheat
POINT (79.6713243 22.0615693),2022-10-01,Madhya Pradesh,Seoni,Barghat,175.0,176.0,160.0,156.0,140.0,160.0,170.0,178.0,178.0,180.0,167.0,145.0,145.0,149.0,Wheat
POINT (78.772681 21.9590885),2022-10-01,Madhya Pradesh,Chhindwara,Chhindwara,164.0,172.0,164.0,130.0,133.0,163.0,166.0,177.0,184.0,184.0,170.0,164.0,159.0,150.0,Wheat
POINT (77.413578 24.6388557),2022-10-01,Madhya Pradesh,Guna,Guna,148.0,127.0,119.0,120.0,137.0,172.0,188.0,185.0,191.0,193.0,185.0,162.0,126.0,147.0,Wheat
POINT (78.54952513 23.698911),2022-10-01,Madhya Pradesh,Sagar,Sagar,138.0,140.0,131.0,153.0,166.0,179.0,184.0,180.0,160.0,156.0,150.0,161.0,171.0,176.0,Wheat
POINT (75.176113 21.8145361),2022-10-01,Madhya Pradesh,Barwani,Rajpur,151.0,153.0,146.0,124.0,122.0,154.0,172.0,186.0,187.0,192.0,193.0,155.0,143.0,158.0,Wheat
POINT (77.16043 22.5134645),2022-10-01,Madhya Pradesh,Harda,Timurni,151.0,130.0,117.0,123.0,126.0,154.0,166.0,170.0,185.0,185.0,172.0,119.0,144.0,177.0,Wheat
POINT (76.22974330240874 28.415293802376784),2022-10-01,Madhya Pradesh,Shivpuri,Shivpuri,166.0,146.0,131.0,135.0,139.0,149.0,157.0,162.0,169.0,174.0,171.0,165.0,161.0,144.0,Wheat
POINT (82.2779661 24.3371854),2022-10-01,Madhya Pradesh,Singrauli,Deosar,140.0,161.0,158.0,118.0,118.0,138.0,172.0,189.0,182.0,181.0,179.0,200.0,152.0,140.0,Wheat
POINT (79.650152 26.981254),2022-10-01,Uttar Pradesh,Kannauj,Tirwa,132.0,129.0,127.0,171.0,177.0,170.0,106.0,150.0,146.0,142.0,141.0,143.0,165.0,170.0,Potato
POINT (77.7734764 24.5110749),2022-10-01,Madhya Pradesh,Ashoknagar,Ashoknagar,145.0,142.0,127.0,127.0,129.0,136.0,142.0,137.0,129.0,123.0,122.0,0.0,0.0,117.0,Wheat
POINT (78.1252685 24.6626422),2022-10-01,Madhya Pradesh,Ashoknagar,Chanderi,160.0,133.0,127.0,133.0,142.0,148.0,149.0,145.0,136.0,124.0,120.0,0.0,0.0,119.0,Wheat
POINT (75.9608876 23.5570839),2022-10-01,Madhya Pradesh,Ujjain,Tarana,139.0,144.0,132.0,135.0,141.0,142.0,143.0,142.0,131.0,125.0,123.0,0.0,0.0,114.0,Wheat
POINT (79.3117087 24.4329207),2022-10-01,Madhya Pradesh,Chhatarpur,Bijawar,139.0,128.0,127.0,122.0,125.0,130.0,136.0,131.0,130.0,128.0,121.0,0.0,0.0,116.0,Wheat
POINT (77.8676689 22.2411386),2022-10-01,Madhya Pradesh,Betul,Shahpur,141.0,136.0,133.0,132.0,135.0,144.0,141.0,138.0,134.0,123.0,124.0,0.0,0.0,128.0,Wheat
POINT (77.7924293 25.4139765),2022-10-01,Madhya Pradesh,Shivpuri,,141.0,135.0,131.0,138.0,146.0,139.0,137.0,131.0,129.0,127.0,122.0,0.0,0.0,117.0,Wheat
POINT (77.884484 24.5231714),2022-10-01,Madhya Pradesh,Ashoknagar,Mungaoli,156.0,149.0,133.0,129.0,128.0,124.0,132.0,127.0,120.0,119.0,122.0,0.0,0.0,112.0,Wheat
POINT (76.762693 23.9817226),2022-10-01,Madhya Pradesh,Rajgarh,Rajgarh,157.0,147.0,135.0,132.0,132.0,139.0,138.0,140.0,138.0,130.0,120.0,0.0,0.0,116.0,Wheat
POINT (80.2377704 25.2745457),2022-10-01,Madhya Pradesh,Chhatarpur,Gaurihar,134.0,130.0,126.0,128.0,128.0,131.0,147.0,139.0,132.0,130.0,125.0,0.0,0.0,116.0,Wheat
POINT (77.5841766 24.8160724),2022-10-01,Madhya Pradesh,Ashoknagar,Isagarh,133.0,131.0,127.0,125.0,131.0,130.0,133.0,132.0,129.0,125.0,123.0,0.0,0.0,116.0,Wheat
POINT (76.7627197 23.9817172),2022-10-01,Madhya Pradesh,Rajgarh,Rajgarh,157.0,147.0,135.0,132.0,132.0,139.0,138.0,140.0,138.0,130.0,120.0,0.0,0.0,116.0,Wheat
POINT (77.87091 24.6835367),2022-10-01,Madhya Pradesh,Ashoknagar,Isagarh,155.0,145.0,135.0,134.0,140.0,140.0,134.0,131.0,126.0,123.0,121.0,0.0,0.0,122.0,Wheat
POINT (78.0284411 25.3327933),2022-10-01,Madhya Pradesh,Shivpuri,,156.0,148.0,138.0,145.0,147.0,148.0,144.0,134.0,131.0,125.0,124.0,0.0,0.0,125.0,Wheat
POINT (76.7628356 23.9818406),2022-10-01,Madhya Pradesh,Rajgarh,Rajgarh,157.0,151.0,132.0,127.0,127.0,132.0,138.0,133.0,134.0,131.0,121.0,0.0,0.0,114.0,Wheat
POINT (76.7638223 23.9849643),2022-10-01,Madhya Pradesh,Rajgarh,Rajgarh,150.0,143.0,125.0,126.0,138.0,139.0,145.0,139.0,140.0,135.0,121.0,0.0,0.0,114.0,Wheat
POINT (80.66741943 22.80589294),2022-10-01,Madhya Pradesh,Mandla,Mandla,137.0,145.0,145.0,140.0,142.0,140.0,141.0,137.0,136.0,127.0,123.0,0.0,0.0,117.0,Wheat
POINT (78.2145243 24.9638972),2022-10-01,Madhya Pradesh,Shivpuri,,138.0,134.0,123.0,122.0,129.0,143.0,142.0,138.0,139.0,131.0,123.0,0.0,0.0,124.0,Wheat
POINT (79.5435732 24.7806718),2022-10-01,Madhya Pradesh,Chhatarpur,Chhatarpur,130.0,125.0,121.0,120.0,126.0,124.0,128.0,129.0,123.0,132.0,121.0,0.0,0.0,113.0,Wheat
POINT (81.3913536 24.1939164),2022-10-01,Madhya Pradesh,Shahdol,Beohari,124.0,132.0,137.0,140.0,140.0,135.0,141.0,139.0,125.0,124.0,122.0,0.0,0.0,114.0,Wheat
POINT (77.7518858 24.830419),2022-10-01,Madhya Pradesh,Ashoknagar,Isagarh,129.0,129.0,124.0,127.0,121.0,130.0,128.0,135.0,128.0,124.0,125.0,0.0,0.0,119.0,Wheat
